-- 健康助手系统数据库测试用例
-- 创建时间: 2026-03-31
-- 数据库版本: MySQL 8.0+
-- ==================== 插入测试数据 ====================

-- 插入测试用户
INSERT INTO `users` (`id`, `openid`, `name`, `phone`, `nickname`, `avatar_url`) VALUES
                                                                                    (1, 'wx_openid_001', '张三', '13800138001', '张三的健康生活', 'https://example.com/avatar1.jpg'),
                                                                                    (2, 'wx_openid_002', '李四', '13800138002', '李四的健康助手', 'https://example.com/avatar2.jpg'),
                                                                                    (3, 'wx_openid_003', '王五', '13800138003', '王五的健康日记', 'https://example.com/avatar3.jpg'),
                                                                                    (4, 'wx_openid_004', '赵六', '13800138004', '赵六的健康管家', 'https://example.com/avatar4.jpg'),
                                                                                    (5, 'wx_openid_005', '小明', '13800138005', '小明的健康记录', 'https://example.com/avatar5.jpg');

-- 插入测试家庭
INSERT INTO `family` (`id`, `name`, `invite_code`, `invite_code_expire`, `created_by`) VALUES
                                                                                           (1, '张家', 'FAMILY001', DATE_ADD(NOW(), INTERVAL 30 DAY), 1),
                                                                                           (2, '李家', 'FAMILY002', DATE_ADD(NOW(), INTERVAL 30 DAY), 2),
                                                                                           (3, '王家', 'FAMILY003', DATE_ADD(NOW(), INTERVAL 30 DAY), 3);

-- 插入测试家庭成员
INSERT INTO `family_member` (`family_id`, `user_id`, `role`, `relation`, `status`) VALUES
                                                                                       (1, 1, 'PARENT', '父亲', 1),
                                                                                       (1, 5, 'CHILD', '儿子', 1),
                                                                                       (2, 2, 'PARENT', '母亲', 1),
                                                                                       (2, 4, 'CHILD', '女儿', 1),
                                                                                       (3, 3, 'PARENT', '父亲', 1);

-- 插入测试药品信息
INSERT INTO `medicine_info` (`name`, `specification`, `manufacturer`, `approval_number`, `usage_dosage`, `ingredients`, `indications`, `adverse_reactions`, `precautions`, `contraindications`, `expiry_date`) VALUES
                                                                                                                                                                                                                   ('阿莫西林胶囊', '0.25g*24粒', '修正药业集团股份有限公司', '国药准字H22023688', '口服。一次0.5g，每6-8小时1次，一日剂量不超过4g。', '阿莫西林', '用于敏感菌所致的各种感染，如中耳炎、鼻窦炎、咽炎、扁桃体炎等上呼吸道感染。', '恶心、呕吐、腹泻及假膜性肠炎等。', '青霉素类药物过敏者禁用。', '对青霉素类药物过敏者禁用。', '2026-12-31'),
                                                                                                                                                                                                                   ('布洛芬缓释胶囊', '0.3g*20粒', '中美天津史克制药有限公司', '国药准字H10900089', '口服。成人一次1粒，一日2次。', '布洛芬', '用于缓解轻至中度疼痛如头痛、关节痛、偏头痛、牙痛、肌肉痛、神经痛、痛经。也用于普通感冒或流行性感冒引起的发热。', '少数病人可出现恶心、呕吐、胃烧灼感或轻度消化不良、胃肠道溃疡及出血、头晕、耳鸣等。', '孕妇及哺乳期妇女禁用。', '对本品及其他非甾体抗炎药过敏者禁用。', '2026-06-30'),
                                                                                                                                                                                                                   ('维生素C片', '0.1g*100片', '华源众生药业有限公司', '国药准字H32020361', '口服。成人一次1片，一日3次。', '维生素C', '用于预防坏血病，也可用于各种急慢性传染疾病及紫癜等的辅助治疗。', '长期服用每日2-3g可引起停药后坏血病。', '不宜长期过量服用本品，否则，可能引起停药后坏血病。', '对本品过敏者禁用。', '2027-03-15'),
                                                                                                                                                                                                                   ('感冒灵颗粒', '10g*9袋', '华润三九医药股份有限公司', '国药准字Z44021940', '开水冲服，一次10克，一日3次。', '三叉苦、金盏银盘、野菊花、岗梅、薄荷油等', '解热镇痛。用于感冒引起的头痛，发热，鼻塞，流涕，咽痛。', '可见困倦、嗜睡、口渴、虚弱感。', '服药期间不得驾驶机、车、船、从事高空作业、机械作业及操作精密仪器。', '严重肝肾功能不全者禁用。', '2026-09-30'),
                                                                                                                                                                                                                   ('复方甘草片', '100片', '北京同仁堂股份有限公司', '国药准字Z11020355', '口服或含化。成人一次3-4片，一日3次。', '甘草流浸膏粉、阿片粉、樟脑、八角茴香油、苯甲酸钠', '镇咳祛痰。用于咳嗽气喘，多痰。', '有轻微的恶心、呕吐反应。', '本品不宜长期服用，如服用3-7天症状未缓解，请停药并咨询医师。', '孕妇及哺乳期妇女禁用。', '2027-01-31');

-- 插入测试用户药品
INSERT INTO `user_medicine` (`user_id`, `medicine_id`, `status`, `dosage_per_time`, `frequency`, `start_date`, `end_date`, `reminder_enabled`) VALUES
                                                                                                                                                   (1, 1, 'USING', '0.5g', '每6-8小时1次', '2026-03-20', '2026-03-27', 1),
                                                                                                                                                   (1, 2, 'STANDBY', '1粒', '一日2次', '2026-03-15', '2026-04-15', 0),
                                                                                                                                                   (2, 3, 'USING', '1片', '一日3次', '2026-03-01', '2026-06-01', 1),
                                                                                                                                                   (3, 4, 'STANDBY', '10g', '一日3次', '2026-03-10', '2026-03-20', 0),
                                                                                                                                                   (4, 5, 'USING', '3-4片', '一日3次', '2026-03-18', '2026-03-25', 1);

-- 插入测试提醒
INSERT INTO `reminder` (`user_medicine_id`, `dosage`, `reminder_time`, `days_of_week`, `start_date`, `end_date`, `status`) VALUES
                                                                                                                               (1, '0.5g', '08:00:00', '1,2,3,4,5,6,7', '2026-03-20', '2026-03-27', 0),
                                                                                                                               (1, '0.5g', '14:00:00', '1,2,3,4,5,6,7', '2026-03-20', '2026-03-27', 0),
                                                                                                                               (1, '0.5g', '20:00:00', '1,2,3,4,5,6,7', '2026-03-20', '2026-03-27', 0),
                                                                                                                               (3, '1片', '08:00:00', '1,2,3,4,5,6,7', '2026-03-01', '2026-06-01', 0),
                                                                                                                               (3, '1片', '12:00:00', '1,2,3,4,5,6,7', '2026-03-01', '2026-06-01', 0),
                                                                                                                               (3, '1片', '18:00:00', '1,2,3,4,5,6,7', '2026-03-01', '2026-06-01', 0),
                                                                                                                               (5, '3-4片', '08:00:00', '1,2,3,4,5,6,7', '2026-03-18', '2026-03-25', 0),
                                                                                                                               (5, '3-4片', '12:00:00', '1,2,3,4,5,6,7', '2026-03-18', '2026-03-25', 0),
                                                                                                                               (5, '3-4片', '20:00:00', '1,2,3,4,5,6,7', '2026-03-18', '2026-03-25', 0);

-- 插入测试健康数据
INSERT INTO `health_data` (`user_id`, `heart_rate`, `systolic_bp`, `diastolic_bp`, `blood_oxygen`, `blood_sugar`, `body_temperature`, `respiratory_rate`, `measurement_time`) VALUES
                                                                                                                                                                                  (1, 72, 120, 80, 98, 5.2, 36.5, 18, '2026-03-31 08:00:00'),
                                                                                                                                                                                  (1, 75, 118, 78, 97, 5.4, 36.6, 19, '2026-03-30 08:30:00'),
                                                                                                                                                                                  (1, 70, 122, 82, 98, 5.1, 36.4, 18, '2026-03-29 07:45:00'),
                                                                                                                                                                                  (2, 68, 115, 75, 98, 4.8, 36.3, 17, '2026-03-31 09:00:00'),
                                                                                                                                                                                  (2, 70, 118, 78, 97, 5.0, 36.5, 18, '2026-03-30 08:15:00'),
                                                                                                                                                                                  (3, 80, 135, 88, 96, 6.2, 36.8, 20, '2026-03-31 07:30:00'),
                                                                                                                                                                                  (3, 78, 130, 85, 97, 5.9, 36.7, 19, '2026-03-30 08:00:00'),
                                                                                                                                                                                  (4, 65, 110, 70, 99, 4.5, 36.2, 16, '2026-03-31 08:30:00'),
                                                                                                                                                                                  (5, 75, 125, 82, 98, 5.3, 36.5, 18, '2026-03-31 07:00:00'),
                                                                                                                                                                                  (5, 73, 122, 80, 97, 5.1, 36.4, 17, '2026-03-30 07:30:00');

-- 插入测试健康报告
INSERT INTO `health_report` (`user_id`, `health_data_id`, `overall_score`, `health_level`, `blood_pressure_eval`, `blood_sugar_eval`, `heart_rate_eval`, `blood_oxygen_eval`, `body_temperature_eval`, `respiratory_rate_eval`, `risk_factors`, `recommendations`, `generate_time`) VALUES
                                                                                                                                                                                                                                                                                        (1, 1, 92, '优秀', '血压正常，收缩压120mmHg，舒张压80mmHg，处于理想范围。', '血糖正常，空腹血糖5.2mmol/L，处于健康范围。', '心率正常，72次/分钟，处于健康范围。', '血氧正常，98%，处于健康范围。', '体温正常，36.5℃，处于健康范围。', '呼吸频率正常，18次/分钟，处于健康范围。', '无明显风险因素。', '继续保持健康的生活方式，定期监测健康指标。', '2026-03-31 08:05:00'),
                                                                                                                                                                                                                                                                                        (2, 4, 95, '优秀', '血压正常，收缩压115mmHg，舒张压75mmHg，处于理想范围。', '血糖正常，空腹血糖4.8mmol/L，处于健康范围。', '心率正常，68次/分钟，处于健康范围。', '血氧正常，98%，处于健康范围。', '体温正常，36.3℃，处于健康范围。', '呼吸频率正常，17次/分钟，处于健康范围。', '无明显风险因素。', '继续保持健康的生活方式，定期监测健康指标。', '2026-03-31 09:05:00'),
                                                                                                                                                                                                                                                                                        (3, 6, 78, '一般', '血压偏高，收缩压135mmHg，舒张压88mmHg，建议关注。', '血糖偏高，空腹血糖6.2mmol/L，建议控制饮食。', '心率正常，80次/分钟，处于健康范围。', '血氧正常，96%，处于健康范围。', '体温正常，36.8℃，处于健康范围。', '呼吸频率正常，20次/分钟，处于健康范围。', '血压偏高，血糖偏高，建议控制饮食，适量运动。', '建议低盐低脂饮食，适量运动，定期监测血压和血糖。', '2026-03-31 07:35:00');

-- 插入测试处方记录
INSERT INTO `prescription_records` (`user_id`, `visit_date`, `hospital`, `department`, `doctor`, `notes`, `photos`) VALUES
                                                                                                                        (1, '2026-03-20', '北京协和医院', '呼吸内科', '张医生', '感冒引起的上呼吸道感染', '["https://example.com/prescription1.jpg", "https://example.com/prescription2.jpg"]'),
                                                                                                                        (2, '2026-03-15', '北京301医院', '心内科', '李医生', '定期复查血压', '["https://example.com/prescription3.jpg"]'),
                                                                                                                        (3, '2026-03-18', '北京中日友好医院', '内分泌科', '王医生', '血糖偏高，需要控制饮食', '["https://example.com/prescription4.jpg"]');

-- 插入测试处方项目
INSERT INTO `prescription_items` (`record_id`, `medicine_name`, `specification`, `dosage_per_time`, `frequency`, `total_amount`, `usage`, `notes`, `user_medicine_id`, `start_date`, `end_date`) VALUES
                                                                                                                                                                                                     (1, '阿莫西林胶囊', '0.25g*24粒', '0.5g', '每6-8小时1次', '24粒', '口服', '饭后服用', 1, '2026-03-20', '2026-03-27'),
                                                                                                                                                                                                     (1, '布洛芬缓释胶囊', '0.3g*20粒', '1粒', '一日2次', '10粒', '口服', '饭后服用', 2, '2026-03-20', '2026-03-25'),
                                                                                                                                                                                                     (2, '维生素C片', '0.1g*100片', '1片', '一日3次', '90片', '口服', '饭后服用', 3, '2026-03-15', '2026-06-15'),
                                                                                                                                                                                                     (3, '感冒灵颗粒', '10g*9袋', '10g', '一日3次', '9袋', '开水冲服', '饭后服用', 4, '2026-03-18', '2026-03-26');

-- 插入测试药品图片识别记录
INSERT INTO `medicine_image_record` (`user_id`, `image_url`, `ocr_raw_result`, `parsed_info`, `status`, `ingredients`, `indications`, `adverse_reactions`, `precautions`, `contraindications`) VALUES
                                                                                                                                                                                                   (1, 'https://example.com/medicine_image1.jpg', '阿莫西林胶囊 0.25g*24粒 修正药业', '{"name":"阿莫西林胶囊","specification":"0.25g*24粒","manufacturer":"修正药业集团股份有限公司"}', 1, '阿莫西林', '用于敏感菌所致的各种感染', '恶心、呕吐、腹泻等', '青霉素类药物过敏者禁用', '对青霉素类药物过敏者禁用'),
                                                                                                                                                                                                   (2, 'https://example.com/medicine_image2.jpg', '布洛芬缓释胶囊 0.3g*20粒 中美史克', '{"name":"布洛芬缓释胶囊","specification":"0.3g*20粒","manufacturer":"中美天津史克制药有限公司"}', 1, '布洛芬', '用于缓解轻至中度疼痛', '恶心、呕吐、胃烧灼感等', '孕妇及哺乳期妇女禁用', '对本品及其他非甾体抗炎药过敏者禁用'),
                                                                                                                                                                                                   (3, 'https://example.com/medicine_image3.jpg', '维生素C片 0.1g*100片 华源众生', '{"name":"维生素C片","specification":"0.1g*100片","manufacturer":"华源众生药业有限公司"}', 1, '维生素C', '用于预防坏血病', '长期服用可能引起停药后坏血病', '不宜长期过量服用', '对本品过敏者禁用');

-- 插入测试数据授权
INSERT INTO `data_authorization` (`family_id`, `grantor_id`, `grantee_id`, `data_types`, `expire_time`) VALUES
                                                                                                            (1, 1, 5, '["heartRate", "bloodPressure", "bloodSugar", "bloodOxygen"]', DATE_ADD(NOW(), INTERVAL 365 DAY)),
                                                                                                            (2, 2, 4, '["heartRate", "bloodPressure"]', DATE_ADD(NOW(), INTERVAL 365 DAY));

-- 插入测试对话记录
INSERT INTO `conversation` (`user_id`, `session_id`, `role`, `content`) VALUES
                                                                            (1, 'session_001', 'user', '你好，我今天感觉有点头晕，血压正常吗？'),
                                                                            (1, 'session_001', 'assistant', '您好！根据您今天的健康数据，您的血压为120/80mmHg，处于正常范围。头晕可能与其他因素有关，建议您多休息，保持充足睡眠。如果症状持续，请及时就医。'),
                                                                            (1, 'session_001', 'user', '谢谢！我最近在服用阿莫西林，需要注意什么？'),
                                                                            (1, 'session_001', 'assistant', '服用阿莫西林时，请注意以下几点：1. 饭后服用，减少胃肠道刺激；2. 按时服药，不要随意停药；3. 如有过敏反应（如皮疹、呼吸困难），请立即停药并就医；4. 避免饮酒。祝您早日康复！'),
                                                                            (2, 'session_002', 'user', '我的血糖是4.8mmol/L，这个数值正常吗？'),
                                                                            (2, 'session_002', 'assistant', '您好！您的空腹血糖4.8mmol/L处于正常范围（正常空腹血糖为3.9-6.1mmol/L）。继续保持健康的生活方式，定期监测血糖。如果血糖持续偏高，建议控制饮食，适量运动。'),
                                                                            (3, 'session_003', 'user', '我血压135/88mmHg，需要担心吗？'),
                                                                            (3, 'session_003', 'assistant', '您好！您的血压135/88mmHg处于偏高范围（正常血压为<120/80mmHg，高血压前期为120-139/80-89mmHg）。建议您：1. 低盐低脂饮食；2. 适量运动，每周至少150分钟；3. 控制体重；4. 戒烟限酒；5. 定期监测血压。如果血压持续升高，建议咨询医生。');
